{"cameraMode":{"drawMode":0,"name":"Shaded","section":"Shading Mode"},"sceneLighting":true,"audioPlay":false,"sceneViewState":{"showFog":false,"showMaterialUpdate":false,"showSkybox":false,"showFlares":false,"showImageEffects":false,"showParticleSystems":false},"in2DMode":false,"pivot":{"x":2.170011281967163,"y":-5.691715240478516,"z":-0.888331413269043},"rotation":{"x":-0.65509432554245,"y":-0.0029486368875950577,"z":0.0025566434487700464,"w":-0.7555370330810547},"size":64.86296081542969,"orthographic":false}