{"cameraMode":{"drawMode":0,"name":"Shaded","section":"Shading Mode"},"sceneLighting":true,"audioPlay":false,"sceneViewState":{"showFog":false,"showMaterialUpdate":false,"showSkybox":false,"showFlares":false,"showImageEffects":false,"showParticleSystems":false},"in2DMode":false,"pivot":{"x":45.71391296386719,"y":-106.13352966308594,"z":-23.629180908203126},"rotation":{"x":-0.6673130989074707,"y":-0.016308262944221498,"z":0.014618458226323128,"w":-0.7444552183151245},"size":204.1504669189453,"orthographic":false}