{"cameraMode":{"drawMode":0,"name":"Shaded","section":"Shading Mode"},"sceneLighting":true,"audioPlay":false,"sceneViewState":{"showFog":false,"showMaterialUpdate":false,"showSkybox":false,"showFlares":false,"showImageEffects":false,"showParticleSystems":false},"in2DMode":false,"pivot":{"x":37.82238006591797,"y":-23.950096130371095,"z":-31.21076011657715},"rotation":{"x":-0.5796546936035156,"y":-0.0031803336460143329,"z":0.002262309892103076,"w":-0.8148528933525086},"size":78.75534057617188,"orthographic":false}